{
  "records": [
    {
      "dataset": "texas",
      "seed": 0,
      "cov_r_e": 0.019118808309320324,
      "error_gap": -0.25848064978499763,
      "assumption_holds": false,
      "corr_confidence_err": -0.10711442770019891,
      "corr_agreement_err": 0.4066014984241926,
      "corr_stability_err": -0.14483323602295964,
      "corr_source_err": -0.09156151033139737,
      "corr_degree_err": 0.1962148913997193,
      "true_homophily": 0.05952380952380952,
      "pseudo_homophily": 0.3333333333333333,
      "feature_homophily": 0.35068512591459794,
      "pseudo_h_abs_err": 0.2738095238095238,
      "feature_h_abs_err": 0.2911613163907884
    },
    {
      "dataset": "texas",
      "seed": 1,
      "cov_r_e": 0.003930709581680049,
      "error_gap": -0.0824175824175824,
      "assumption_holds": false,
      "corr_confidence_err": -0.2126226165464241,
      "corr_agreement_err": 0.3579393196579902,
      "corr_stability_err": -0.03567674978840015,
      "corr_source_err": -0.16638654664586539,
      "corr_degree_err": 0.05827994956461037,
      "true_homophily": 0.06349206349206349,
      "pseudo_homophily": 0.35714285714285715,
      "feature_homophily": 0.3478915005180956,
      "pseudo_h_abs_err": 0.29365079365079366,
      "feature_h_abs_err": 0.2843994370260321
    },
    {
      "dataset": "texas",
      "seed": 2,
      "cov_r_e": -0.007429363696361313,
      "error_gap": 0.0278308647873865,
      "assumption_holds": true,
      "corr_confidence_err": -0.31398247138863633,
      "corr_agreement_err": 0.1913760082568836,
      "corr_stability_err": -0.0022905935088559405,
      "corr_source_err": -0.0904802331318779,
      "corr_degree_err": -0.048012785236025056,
      "true_homophily": 0.06349206349206349,
      "pseudo_homophily": 0.3531746031746032,
      "feature_homophily": 0.34774636389121805,
      "pseudo_h_abs_err": 0.2896825396825397,
      "feature_h_abs_err": 0.28425430039915456
    },
    {
      "dataset": "texas",
      "seed": 3,
      "cov_r_e": 0.013392085158616727,
      "error_gap": -0.2578834209268992,
      "assumption_holds": false,
      "corr_confidence_err": -0.1868908100530657,
      "corr_agreement_err": 0.4948747532033917,
      "corr_stability_err": -0.22323762150031848,
      "corr_source_err": -0.21023037564755837,
      "corr_degree_err": 0.09803355709963428,
      "true_homophily": 0.05952380952380952,
      "pseudo_homophily": 0.3412698412698413,
      "feature_homophily": 0.34656422845190693,
      "pseudo_h_abs_err": 0.28174603174603174,
      "feature_h_abs_err": 0.2870404189280974
    },
    {
      "dataset": "texas",
      "seed": 4,
      "cov_r_e": 0.015916067059237864,
      "error_gap": -0.26875298614429044,
      "assumption_holds": false,
      "corr_confidence_err": -0.13754399153248079,
      "corr_agreement_err": 0.45642051340062684,
      "corr_stability_err": -0.1545324337175211,
      "corr_source_err": -0.21213712169038904,
      "corr_degree_err": -0.026343333235847966,
      "true_homophily": 0.06746031746031746,
      "pseudo_homophily": 0.3055555555555556,
      "feature_homophily": 0.3463996234698118,
      "pseudo_h_abs_err": 0.23809523809523814,
      "feature_h_abs_err": 0.27893930600949435
    },
    {
      "dataset": "cornell",
      "seed": 0,
      "cov_r_e": 0.0007824494799911108,
      "error_gap": -0.0930482560917344,
      "assumption_holds": false,
      "corr_confidence_err": -0.2758082440690906,
      "corr_agreement_err": 0.2107343085179586,
      "corr_stability_err": 0.026739462510445098,
      "corr_source_err": 0.10528241833873145,
      "corr_degree_err": 0.15911928523441268,
      "true_homophily": 0.12,
      "pseudo_homophily": 0.436,
      "feature_homophily": 0.33202103008053896,
      "pseudo_h_abs_err": 0.316,
      "feature_h_abs_err": 0.21202103008053896
    },
    {
      "dataset": "cornell",
      "seed": 1,
      "cov_r_e": -0.005277553436317147,
      "error_gap": 0.0494505494505495,
      "assumption_holds": true,
      "corr_confidence_err": -0.1618814043721382,
      "corr_agreement_err": 0.07045042149583407,
      "corr_stability_err": 0.055184850746873446,
      "corr_source_err": 0.11010092317393293,
      "corr_degree_err": -0.0567552400779567,
      "true_homophily": 0.12,
      "pseudo_homophily": 0.412,
      "feature_homophily": 0.3345123526042947,
      "pseudo_h_abs_err": 0.292,
      "feature_h_abs_err": 0.2145123526042947
    },
    {
      "dataset": "cornell",
      "seed": 2,
      "cov_r_e": -0.0054370533265733064,
      "error_gap": -0.059842331581462016,
      "assumption_holds": true,
      "corr_confidence_err": -0.13530216919181237,
      "corr_agreement_err": -0.01038706656834952,
      "corr_stability_err": 0.02785508211110786,
      "corr_source_err": 0.018394710411868683,
      "corr_degree_err": 0.1098676508074873,
      "true_homophily": 0.136,
      "pseudo_homophily": 0.488,
      "feature_homophily": 0.3306500660824519,
      "pseudo_h_abs_err": 0.352,
      "feature_h_abs_err": 0.1946500660824519
    },
    {
      "dataset": "cornell",
      "seed": 3,
      "cov_r_e": -0.013190716742785442,
      "error_gap": 0.00645007166746292,
      "assumption_holds": true,
      "corr_confidence_err": -0.24851031256144165,
      "corr_agreement_err": -0.007523595557159367,
      "corr_stability_err": 0.047764612598260786,
      "corr_source_err": 0.1096632265940677,
      "corr_degree_err": -0.07669286273311231,
      "true_homophily": 0.124,
      "pseudo_homophily": 0.428,
      "feature_homophily": 0.33337343783589135,
      "pseudo_h_abs_err": 0.304,
      "feature_h_abs_err": 0.20937343783589135
    },
    {
      "dataset": "cornell",
      "seed": 4,
      "cov_r_e": -0.02262936141452203,
      "error_gap": 0.21321070234113715,
      "assumption_holds": true,
      "corr_confidence_err": -0.2198749324171706,
      "corr_agreement_err": -0.1113907865668996,
      "corr_stability_err": -0.0334560010001451,
      "corr_source_err": 0.10612004464999922,
      "corr_degree_err": -0.10798089204959428,
      "true_homophily": 0.124,
      "pseudo_homophily": 0.46,
      "feature_homophily": 0.33321688416017686,
      "pseudo_h_abs_err": 0.336,
      "feature_h_abs_err": 0.20921688416017686
    },
    {
      "dataset": "wisconsin",
      "seed": 0,
      "cov_r_e": 0.003189691504471456,
      "error_gap": -0.06031746031746027,
      "assumption_holds": false,
      "corr_confidence_err": -0.2118721600284531,
      "corr_agreement_err": 0.28197566106230165,
      "corr_stability_err": -0.08245058801236599,
      "corr_source_err": -0.043612080278840004,
      "corr_degree_err": 0.1160944894730499,
      "true_homophily": 0.18518518518518517,
      "pseudo_homophily": 0.39753086419753086,
      "feature_homophily": 0.34280063646040515,
      "pseudo_h_abs_err": 0.2123456790123457,
      "feature_h_abs_err": 0.15761545127521998
    },
    {
      "dataset": "wisconsin",
      "seed": 1,
      "cov_r_e": 0.009528146129949856,
      "error_gap": -0.012444444444444425,
      "assumption_holds": false,
      "corr_confidence_err": -0.11396358857725425,
      "corr_agreement_err": 0.26335603852214484,
      "corr_stability_err": -0.08645460279565287,
      "corr_source_err": -0.027629724838385675,
      "corr_degree_err": 0.06309846167486019,
      "true_homophily": 0.1728395061728395,
      "pseudo_homophily": 0.44938271604938274,
      "feature_homophily": 0.3415990849114225,
      "pseudo_h_abs_err": 0.27654320987654324,
      "feature_h_abs_err": 0.168759578738583
    },
    {
      "dataset": "wisconsin",
      "seed": 2,
      "cov_r_e": 0.0036630262563107216,
      "error_gap": -0.06761904761904769,
      "assumption_holds": false,
      "corr_confidence_err": -0.16076845426544775,