{
  "records": [
    {
      "dataset": "texas",
      "seed": 0,
      "cov_r_e": -0.011233455846751273,
      "error_gap": 0.1478738652651696,
      "assumption_holds": true,
      "corr_confidence_err": -0.08260769987870209,
      "corr_agreement_err": -0.06813319172930843,
      "corr_stability_err": -0.05786026177909905,
      "corr_source_err": 0.02926484273898644,
      "corr_degree_err": 0.143692140297755,
      "true_homophily": 0.05952380952380952,
      "pseudo_homophily": 0.5992063492063492,
      "feature_homophily": 0.35068512591459794,
      "pseudo_h_abs_err": 0.5396825396825397,
      "feature_h_abs_err": 0.2911613163907884
    },
    {
      "dataset": "texas",
      "seed": 1,
      "cov_r_e": -0.009737697271643314,
      "error_gap": 0.11442904921165792,
      "assumption_holds": true,
      "corr_confidence_err": -0.13472803281321016,
      "corr_agreement_err": -0.051828311310438135,
      "corr_stability_err": 0.07515765176435087,
      "corr_source_err": -0.034995997944733945,
      "corr_degree_err": 0.04436616635484942,
      "true_homophily": 0.06349206349206349,
      "pseudo_homophily": 0.6428571428571429,
      "feature_homophily": 0.3478915005180956,
      "pseudo_h_abs_err": 0.5793650793650794,
      "feature_h_abs_err": 0.2843994370260321
    },
    {
      "dataset": "texas",
      "seed": 2,
      "cov_r_e": -0.007661711272235353,
      "error_gap": 0.050883898709985664,
      "assumption_holds": true,
      "corr_confidence_err": -0.3061872120960922,
      "corr_agreement_err": 0.07190089904192981,
      "corr_stability_err": 0.13812579752058582,
      "corr_source_err": 0.05760955302278784,
      "corr_degree_err": 0.010832341889858498,
      "true_homophily": 0.06349206349206349,
      "pseudo_homophily": 0.6388888888888888,
      "feature_homophily": 0.34774636389121805,
      "pseudo_h_abs_err": 0.5753968253968254,
      "feature_h_abs_err": 0.28425430039915456
    },
    {
      "dataset": "texas",
      "seed": 3,
      "cov_r_e": 0.019087508819956394,
      "error_gap": -0.2781892021022456,
      "assumption_holds": false,
      "corr_confidence_err": -0.25301334965893835,
      "corr_agreement_err": 0.44730370285272775,
      "corr_stability_err": -0.13463982463455582,
      "corr_source_err": -0.10885143354001549,
      "corr_degree_err": 0.13404975494313817,
      "true_homophily": 0.05952380952380952,
      "pseudo_homophily": 0.5515873015873016,
      "feature_homophily": 0.34656422845190693,
      "pseudo_h_abs_err": 0.4920634920634921,
      "feature_h_abs_err": 0.2870404189280974
    },
    {
      "dataset": "texas",
      "seed": 4,
      "cov_r_e": -0.0004004406327741537,
      "error_gap": -0.013139034878165368,
      "assumption_holds": true,
      "corr_confidence_err": -0.23498721722534613,
      "corr_agreement_err": 0.13550130343875033,
      "corr_stability_err": 0.05184018499887767,
      "corr_source_err": 0.18974879098552794,
      "corr_degree_err": -0.13321401171478423,
      "true_homophily": 0.06746031746031746,
      "pseudo_homophily": 0.7619047619047619,
      "feature_homophily": 0.3463996234698118,
      "pseudo_h_abs_err": 0.6944444444444444,
      "feature_h_abs_err": 0.27893930600949435
    },
    {
      "dataset": "cornell",
      "seed": 0,
      "cov_r_e": -0.002613391100664535,
      "error_gap": 0.16853798375537504,
      "assumption_holds": true,
      "corr_confidence_err": -0.2225926520381323,
      "corr_agreement_err": 0.13666768506775875,
      "corr_stability_err": 0.04490176233783962,
      "corr_source_err": 0.11666265604135678,
      "corr_degree_err": 0.0932916059586505,
      "true_homophily": 0.12,
      "pseudo_homophily": 0.688,
      "feature_homophily": 0.33202103008053896,
      "pseudo_h_abs_err": 0.568,
      "feature_h_abs_err": 0.21202103008053896
    },
    {
      "dataset": "cornell",
      "seed": 1,
      "cov_r_e": -0.0018143193613505406,
      "error_gap": 0.017916865742952703,
      "assumption_holds": true,
      "corr_confidence_err": -0.16741564274002696,
      "corr_agreement_err": 0.1498876125742868,
      "corr_stability_err": 0.03837678329473059,
      "corr_source_err": 0.0973261307778243,
      "corr_degree_err": -0.09812696561177166,
      "true_homophily": 0.12,
      "pseudo_homophily": 0.76,
      "feature_homophily": 0.3345123526042947,
      "pseudo_h_abs_err": 0.64,
      "feature_h_abs_err": 0.2145123526042947
    },
    {
      "dataset": "cornell",
      "seed": 2,
      "cov_r_e": 0.0017270798329444568,
      "error_gap": 0.03786430960344006,
      "assumption_holds": false,
      "corr_confidence_err": -0.05350418327822575,
      "corr_agreement_err": 0.0778508916048788,
      "corr_stability_err": -0.07491968161676724,
      "corr_source_err": 0.029956908681412216,
      "corr_degree_err": 0.09236271579376536,
      "true_homophily": 0.136,
      "pseudo_homophily": 0.7,
      "feature_homophily": 0.3306500660824519,
      "pseudo_h_abs_err": 0.564,
      "feature_h_abs_err": 0.1946500660824519
    },
    {
      "dataset": "cornell",
      "seed": 3,
      "cov_r_e": -0.01226008941834496,
      "error_gap": 0.19218824653607264,
      "assumption_holds": true,
      "corr_confidence_err": -0.10821432643810783,
      "corr_agreement_err": -0.10890951982634733,
      "corr_stability_err": -0.02187623763257137,
      "corr_source_err": 0.09436378460964526,
      "corr_degree_err": 0.19948151873732262,
      "true_homophily": 0.124,
      "pseudo_homophily": 0.616,
      "feature_homophily": 0.33337343783589135,
      "pseudo_h_abs_err": 0.492,
      "feature_h_abs_err": 0.20937343783589135
    },
    {
      "dataset": "cornell",
      "seed": 4,
      "cov_r_e": -0.002849861752140002,
      "error_gap": 0.026278069756330624,
      "assumption_holds": true,
      "corr_confidence_err": -0.045203986025287246,
      "corr_agreement_err": -0.003472616031399976,
      "corr_stability_err": -0.04578687641922347,
      "corr_source_err": -0.02086477215154378,
      "corr_degree_err": 0.12163331707396816,
      "true_homophily": 0.124,
      "pseudo_homophily": 0.62,
      "feature_homophily": 0.33321688416017686,
      "pseudo_h_abs_err": 0.496,
      "feature_h_abs_err": 0.20921688416017686
    },
    {
      "dataset": "wisconsin",
      "seed": 0,
      "cov_r_e": -0.015117593966720194,
      "error_gap": 0.05961904761904763,
      "assumption_holds": true,
      "corr_confidence_err": -0.16899440864302512,
      "corr_agreement_err": -0.039630699401537274,
      "corr_stability_err": -0.061815460732928346,
      "corr_source_err": -0.005014880811758238,
      "corr_degree_err": 0.07747389472094816,
      "true_homophily": 0.18518518518518517,
      "pseudo_homophily": 0.6469135802469136,
      "feature_homophily": 0.34280063646040515,
      "pseudo_h_abs_err": 0.4617283950617284,
      "feature_h_abs_err": 0.15761545127521998
    },
    {
      "dataset": "wisconsin",
      "seed": 1,
      "cov_r_e": 0.008741184300664728,
      "error_gap": -0.07587301587301593,
      "assumption_holds": false,
      "corr_confidence_err": -0.1918665534805917,
      "corr_agreement_err": 0.32532733690930515,
      "corr_stability_err": -0.16292311881979707,
      "corr_source_err": -0.03767565685251006,
      "corr_degree_err": 0.020221733602853367,
      "true_homophily": 0.1728395061728395,
      "pseudo_homophily": 0.5950617283950618,
      "feature_homophily": 0.3415990849114225,
      "pseudo_h_abs_err": 0.4222222222222223,
      "feature_h_abs_err": 0.168759578738583
    },
    {
      "dataset": "wisconsin",
      "seed": 2,
      "cov_r_e": -0.013639190250463605,
      "error_gap": 0.05263492063492059,
      "assumption_holds": true,
      "corr_confidence_err": -0.23134633925073644,